Parameters: V_min=0, V_max=99, V_step=1, qT=1, kappa=0.9, R_ext=500, cT=0.18, i0=0, tc=30, lam=0.12, tmax=200, dt=0.0001
V_ext,x_min,x_max,x_f,T'_f,V_f,V'_f
99,-0.993133,0.620887,0.614213494230327, 2.859863598287, 14.173017873781, 101.192609237751
98,0.613858033936291,0.614213494126069,0.614006327986639, 2.80058818159042, 14.0091169217423, 100.04706709332
97,0.613649006542668,0.614006327882376,0.613794957106061, 2.7419295295394, 13.8452486613341, 98.9016449266103
96,0.613435701543123,0.613794957001793,0.613579325060702, 2.6838882718868, 13.681421183244, 97.7563889740314
95,0.613218060566342,0.613579324956429,0.613359373015029, 2.62646501932708, 13.5176425785578, 96.6113455116798
94,0.61299602283167,0.613359372910751,0.613135039736738, 2.56966036368489, 13.3539209416714, 95.4665608738823
93,0.612769525054854,0.613135039632455,0.612906261502187, 2.51347487809531, 13.1902643732116, 94.3220814720145
92,0.612538501348106,0.612906261397899,0.612672971996195, 2.45790911717654, 13.0266809830231, 93.1779538137588
91,0.612302883113938,0.612672971891902,0.612435102205709, 2.40296361717148, 12.8631788931527, 92.0342245223352
90,0.612062598932639,0.61243510210141,0.61219258030708, 2.34863889609403, 12.6997662409369, 90.8909403564679
89,0.611817574442685,0.612192580202776,0.611945331546332, 2.29493545383899, 12.5364511820789, 89.74814823027
88,0.61156773221374,0.611945331442023,0.611693278112092, 2.24185377229311, 12.3732418938304, 88.6058952338605
87,0.611312991611751,0.611693278007777,0.611436339000493, 2.18939431540959, 12.2101465781698, 87.4642286539535
86,0.611053268655412,0.611436338896172,0.611174429871663, 2.13755752928576, 12.0471734651024, 86.3231959952946
85,0.610788475863555,0.611174429767337,0.610907462897058, 2.08634384221808, 11.8843308160114, 85.1828450024432
84,0.610518522092661,0.610907462792726,0.610635346596977, 2.03575366473737, 11.7216269270733, 84.0432236819972
83,0.610243312363813,0.61063534649264,0.610357985667549, 1.98578738962743, 11.5590701327594, 82.9043803254074
82,0.609962747678264,0.610357985563205,0.610075280796351, 1.93644539193659, 11.3966688094318, 81.7663635324407
81,0.609676724820786,0.610075280692001,0.609787128465977, 1.88772802894652, 11.2344313790404, 80.6292222350292
80,0.609385136149769,0.609787128361622,0.609493420743925, 1.83963564019083, 11.0723663128857, 79.4930057228466
79,0.609087869372998,0.609493420639563,0.609194045058939, 1.79216854736553, 10.9104821355479, 78.3577636681063
78,0.608784807308157,0.609194044954571,0.608888883961669, 1.74532705426378, 10.748787428909, 77.223546151901
77,0.608475827626533,0.608888883857294,0.608577814868499, 1.69911144671715, 10.587290836288, 76.0904036917605
76,0.608160802578661,0.608577814764119,0.608260709787566, 1.65352199249073, 10.4260010667307, 74.9583872697126
75,0.607839598700391,0.608260709683179,0.607937435025174, 1.60855894116284, 10.2649268994396, 73.8275483613709
74,0.60751207649766,0.60793743492078,0.607607850870932, 1.56422252399665, 10.1040771883633, 72.6979389662834
73,0.607178090108081,0.607607850766532,0.607271811259966, 1.52051295377917, 9.9434608669788, 71.5696116392425
72,0.606837486937445,0.60727181115556,0.606929163409763, 1.47743042464619, 9.78308695319967, 70.4426195228026
71,0.606490107268651,0.606929163305349,0.606579747429772, 1.43497511188786, 9.62296455452024, 69.317016381219
70,0.606135783840744,0.606579747325352,0.606223395901081, 1.39314717173312, 9.46310287335942, 68.1928566357718
69,0.605774341395165,0.606223395796654,0.605859933423396, 1.35194674111107, 9.30351121262202, 67.0701954015624
68,0.60540559618618,0.605859933318962,0.605489176126265, 1.31137393738992, 9.14419898149879, 65.9490885259233
67,0.605029355451989,0.605489176021824,0.605110931141086, 1.27142885809253, 8.98517570152132, 64.8295926285511
66,0.604645416842739,0.605110931036638,0.604724996030059, 1.23211158059609, 8.82645101289586, 63.711765143673
65,0.6042535678011,0.604724995925604,0.604331158168018, 1.19342216176785, 8.66803468111941, 62.5956643633875
64,0.60385358489069,0.604331158063556,0.603929194071727, 1.15536063764749, 8.50993660391449, 61.48134948462
63,0.603445233066819,0.603929193967258,0.603518868672181, 1.11792702303112, 8.35216681850753, 60.3688806569399
62,0.603028264883744,0.603518868567704,0.603099934523147, 1.08112131105841, 8.19473550925184, 59.2583190334312
61,0.602602419631417,0.603099934418663,0.602672130939529, 1.04494347276528, 8.0376530156528, 58.1497268241365
60,0.602167422394282,0.602672130835038,0.602235183057883, 1.00939345660969, 7.88092984083306, 57.0431673524789
59,0.601722983023263,0.602235182953385,0.601788800810025, 0.974471187934696, 7.72457666031526, 55.9387051137857
58,0.601268795011376,0.601788800705519,0.601332677801007, 0.940176568447376, 7.56860433152782, 54.8364058387663
57,0.600804534261601,0.601332677696493,0.600866490078962, 0.906509475612772, 7.41302390359188, 53.7363365588141
56,0.60032985773461,0.600866489974441,0.600389894785263, 0.87346976202773, 7.25784662778191, 52.638565675886
55,0.599844401961741,0.600389894680734,0.599902528670095, 0.841057254749637, 7.10308396855961, 51.5431630362403
54,0.599347781406827,0.599902528565558,0.599404006457112, 0.809271754582651, 6.94874761525513, 50.4502000085915
53,0.598839586657891,0.599404006352566,0.598893919038275, 0.778113035299295, 6.79484949444258, 49.3597495666874
52,0.59831938242705,0.598893918933722,0.598371831476887, 0.747580842842854, 6.64140178305335, 48.271886377414
51,0.597786705333394,0.598371831372326,0.597837280794345, 0.71767489443135, 6.48841692231518, 47.1866868935997
50,0.597241061439997,0.597837280689776,0.597289773510861, 0.688394877640453, 6.33590763254153, 46.1042294534516
49,0.596681923511242,0.597289773406283,0.596728782907054, 0.659740449403548, 6.18388692886841, 45.024594385878
48,0.596108727951323,0.596728782802468,0.59615374596707, 0.631711234940473, 6.0323681380037, 43.9478641225344
47,0.595520871378079,0.596153745862476,0.595564059957335, 0.604306826618651, 5.88136491606342, 42.8741233173656
46,0.59491770677846,0.595564059852733,0.594959078587357, 0.57752678273191, 5.73089126759182, 41.8034589740053
45,0.594298539182372,0.594959078482746,0.594338107689176, 0.551370626186988, 5.5809615658175, 40.7359605814521
44,0.593662620780108,0.594338107584557,0.593700400341038, 0.525837843102767, 5.43159057431747, 39.6717202591709
43,0.593009145394695,0.593700400236409,0.593045151346264, 0.500927881299131, 5.28279347011351, 38.6108329117098
42,0.592337242203369,0.593045151241627,0.592371490961704, 0.476640148673383, 5.13458586834378, 37.5533963938115
41,0.591645968581426,0.592371490857058,0.591678477749015, 0.452974011453222, 4.98698384861095, 36.4995116866402
40,0.590934301915992,0.591678477644361,0.590965090396283, 0.429928792308877, 4.8400039831145, 35.4492830857954
39,0.590201130205097,0.59096509029162,0.590230218325343, 0.407503768316468, 4.69366336667124, 34.4028184017443
38,0.589445241217521,0.590230218220671,0.58947265086023, 0.385698168751068, 4.54797964871823, 33.3602291732133
37,0.588665309938567,0.589472650755549,0.588691064681842, 0.364511172692612, 4.40297106737736, 32.3216308939517
36,0.587859883963235,0.588691064577152,0.587884009230229, 0.343941906420081, 4.25865648562659, 31.2871432529463
35,0.587027366417208,0.587884009125529,0.587049889634638, 0.323989440578753, 4.11505542958297, 30.2568903882917
34,0.586165995881653,0.587049889529929,0.586186946647409, 0.304652787062991, 3.97218812881341, 29.2310011529098
33,0.585273822662796,0.586186946542692,0.585293232922263, 0.285930895619008, 3.83007555854141, 28.2096093921489
32,0.584348680570328,0.585293232817536,0.584366584800353, 0.267822650083313, 3.68873948329222, 27.192854228668
31,0.583388153135367,0.584366584695616,0.583404588535105, 0.250326864235028, 3.54820250154023, 26.1808803514284
30,0.582389532887149,0.58340458843036,0.582404539573831, 0.233442277181328, 3.40848809030712, 25.173838300661
29,0.581349771887407,0.582404539469076,0.581363393094509, 0.217167548203704, 3.26962064828296, 24.1718847379159
28,0.580265421147265,0.581363392989744,0.580277703421654, 0.201501250962475, 3.13162553520741, 23.1751826841477
27,0.579132555757081,0.58027770331688,0.579143549150351, 0.186441866937145, 2.99452910408618, 22.1839017002416
26,0.577946681444207,0.579143549045567,0.577956439692076, 0.171987777935456, 2.8583587210421, 21.1982179713185
25,0.576702616682769,0.577956439587282,0.576711197364212, 0.158137257460057, 2.72314276490672, 20.218314236515
24,0.575394342171158,0.576711197259409,0.57540180683681, 0.14488846063749, 2.58891059450786, 19.2443794754741
23,0.574014806078556,0.575401806731996,0.574021220334894, 0.132239412313246, 2.45569246508658, 18.2766082150208
22,0.572555668303905,0.57402122023007,0.572561101836237, 0.120187992747534, 2.32351936489877, 17.3151992441207
21,0.571006959011749,0.572561101731403,0.571011485524973, 0.108731920089386, 2.19242272615834, 16.3603534016839
20,0.569356614033578,0.571011485420129,0.56936031108495, 0.0978687283972301, 2.06243393631615, 15.4122698967187
19,0.567589828967671,0.569360310980096,0.567592777661085, 0.0875957392852845, 1.93358352743746, 14.4711402688215
18,0.565688138628581,0.567592777556221,0.565690423134479, 0.0779100241028669, 1.8058998360332, 13.5371384758669
17,0.563628066426578,0.565690423029605,0.563629773287975, 0.068808351403476, 1.67940676883176, 12.6104044530398
16,0.561379073487346,0.563629773183091,0.561380290670499, 0.0602871104033286, 1.55412000830558, 11.6910162928242
15,0.558900312927441,0.561380290565605,0.558901128578343, 0.0523421928901013, 1.4300403796301, 10.7789417401386
14,0.556135225243996,0.558901128473438,0.556135726120522, 0.0449687981582307, 1.30714177361612, 9.87395003754316
13,0.553001942462853,0.556135726015607,0.553002212023018, 0.0381610830904355, 1.18534789486141, 8.97544240332456
12,0.549374760736562,0.553002211918093,0.549374876835441, 0.0319114668269304, 1.06448391611451, 8.08209979584867
11,0.545044008545825,0.549374876730504,0.54504404039874, 0.0262090524511293, 0.944164349872333, 7.19106615778391
10,0.539613030242955,0.545044040293793,0.539613032658615, 0.0210353062159944, 0.823486240173917, 6.29571319099863
9,0.532146300863422,0.539613032553657,0.532146300863422, 0.016348021756058, 0.699915014424579, 5.37751846933042
8.9,-0.993133,-0.2045,-0.831910232523822, 0.00453704522036337, 1.97315876357141, -1.63482296032447
8.8,-0.95403729162366,-0.205071343163182,-0.70774651563725, -0.00918814035855185, 0.298071710017096, -1.02139519599251
8.7,-0.954073067180212,-0.205846485222949,-0.345325575746672, -0.0237642038259131, 0.101608180823444, -0.74976694965261
8.6,-0.95410867124252,-0.206506666517556,-0.945846705024703, 0.000709117618739952, 1.26057289448424, -1.1443366453201
8.5,-0.954143873215364,-0.207125515909635,-0.945149200199801, 0.000875664978236616, 1.30396834326452, -1.15387748593094
8.4,-0.95417867837071,-0.207767349611969,-0.493892111168115, -0.0147587325124789, 0.174720683792009, -0.887304737938046
8.3,-0.954213095902471,-0.208405132442135,-0.953541788336996, -0.00450804634996056, 0.486251911478071, -0.986234984942026
8.2,-0.954247132996943,-0.209047671814459,-0.630054769735878, 0.0115211753207066, 1.98606838045147, -2.13262619978664
8.1,-0.95428136283738,-0.20937618096206,-0.425062498692764, -0.0182209335051675, 0.132632937132259, -0.808876875934196
8,-0.954314093841708,-0.210365188356386,-0.896547653297578, 0.0035396873652159, 1.89571787891654, -1.5233337723842
7.9,-0.95434719731955,-0.210965603306762,-0.395118345784461, -0.0202221898851001, 0.115164329364413, -0.777126978722235
7.8,-0.954379617748777,-0.211691985358661,-0.831490082291161, 0.00466439982804488, 1.95094308153789, -1.64172823988901
7.7,-0.95441222444524,-0.212181148912074,-0.764575791419783, -0.00905245387379674, 0.276297422681999, -0.934921825844581
7.6,-0.954443756206491,-0.213018211539434,-0.228646625953747, -0.0121016245490204, 0.604562870649774, -6.62395393030281
7.50000000000001,-0.954476342096091,-0.21308019332554,-0.952645187759035, -0.00224107102487221, 0.613920167693583, -0.929542156297424
7.40000000000001,-0.954506554680069,-0.214377082144734,-0.444197876417381, -0.0176361207024973, 0.130221335551164, -0.801910968572439
7.30000000000001,-0.954537465288629,-0.215070823093957,-0.949882974205906, -9.05953470386127e-05, 0.934166271830311, -0.970500221463306
7.20000000000001,-0.954568057423915,-0.215759315853592,-0.954050197390775, -0.00502422684535138, 0.409162089060796, -0.90100153543062
7.10000000000001,-0.954598335879369,-0.216451390733987,-0.947551966403142, 0.000651030115080863, 1.13916491529351, -1.0268409644713
7.00000000000001,-0.954628304648396,-0.217164069026608,-0.953120572424658, -0.00260338400539874, 0.548689133437672, -0.892955467162314
6.90000000000001,-0.954657969542735,-0.217861244285599,-0.947467859380146, 0.000709399472263737, 1.14557314655229, -1.02357163186413
6.80000000000001,-0.954687333370954,-0.218585712924753,-0.954083554238865, -0.00474934303161492, 0.40434478380167, -0.876651770551229
6.70000000000001,-0.954716401738056,-0.21929306755497,-0.950693830194619, -0.000221841904244517, 0.850023250665972, -0.922665706480349
6.60000000000001,-0.954745177483951,-0.220021947973893,-0.221849590851691, -0.0425668033773846, 0.185979435554217, -3.46692875464936
6.50000000000001,-0.954775027067778,-0.220768135261091,-0.409149136736581, -0.0203257400993676, 0.102188443398824, -0.775400978361651
6.40000000000001,-0.954801867144709,-0.221496599738764,-0.943823446798038, 0.00144515216146599, 1.37647705118088, -1.13833853839917
6.30000000000001,-0.954829792892852,-0.222248047615978,-0.94518302498106, 0.00123684889598251, 1.3006043291767, -1.09392409890269
6.20000000000001,-0.954857433684972,-0.222998018450876,-0.330926644424377, 0.0368220210262476, 1.37238165252684, -5.71181841769635
6.10000000000001,-0.954886154947596,-0.2231228568626,-0.930387752188238, 0.0028078227309506, 1.73920436313601, -1.46265818369474
6.00000000000001,-0.954911913716131,-0.224516397142404,-0.302793071671246, -0.0306457146812009, 0.0700873749316719, -0.965200784961369
5.90000000000001,-0.954938722628624,-0.225290362100169,-0.938933663299507, 0.0021372851336706, 1.57179942660045, -1.30969931339908
5.80000000000001,-0.954965286609135,-0.226068246360224,-0.932999834598822, 0.00266940328836468, 1.702694071095, -1.453818371675
5.70000000000001,-0.954991580210683,-0.226854373082615,-0.952985881929665, -0.00139364294319278, 0.568716128317333, -0.8393937377001
5.60000000000001,-0.955017602696781,-0.227644095398792,-0.850702306379622, -0.0094704606796097, 0.21556146847386, -0.833354253780765
5.50000000000001,-0.955043373182431,-0.228449104411476,-0.950283159041581, 0.000292122285562958, 0.893479481538753, -0.908458229135766
5.40000000000001,-0.955068884794614,-0.229269933721318,-0.265247848165391, -0.0373547385694695, 0.0800308489152448, -1.54516607370038
5.30000000000001,-0.955095548921179,-0.230091817807789,-0.31974758591251, -0.0294919380109102, 0.0689943108016161, -0.971744803598326
5.20000000000001,-0.955119138146826,-0.230923927927222,-0.949150080704391, 0.0006218284086355, 1.00375254534846, -0.954634411790182
5.10000000000001,-0.955143882392107,-0.231765707677822,-0.954290844861369, -0.00355112488085194, 0.373472485835408, -0.81598121308627
5.00000000000001,-0.95516837425291,-0.232613698820849,-0.952466641174505, -0.000464671035370549, 0.639142236633802, -0.838575056638307
4.90000000000001,-0.95519261155208,-0.233478706452106,-0.938783990367455, 0.00222799541983694, 1.57465573495564, -1.42728999284233
4.80000000000001,-0.955216598950512,-0.234349085083949,-0.94715003171446, 0.00104499020063328, 1.16847458183011, -1.06262067706692
4.70000000000002,-0.955240331925834,-0.235236344977701,-0.943626284643096, 0.00162485861283952, 1.38504717217849, -1.24900912628478
4.60000000000002,-0.955263815758508,-0.236131080190299,-0.332910787628488, -0.0292774182139301, 0.0673389087252905, -1.00896858957352
4.50000000000002,-0.955287045766181,-0.237041239094919,-0.934696848794938, 0.00261443671042729, 1.67019087708097, -1.64279736756303
4.40000000000002,-0.955310029744081,-0.23795610952143,-0.930516765529579, 0.00288471434599904, 1.7308310723456, -1.77735186805427
4.30000000000002,-0.955332758531127,-0.238888101146974,-0.954323926104213, -0.00262984331361329, 0.369474402766954, -0.812824600815352
4.20000000000002,-0.955355224783564,-0.239843469312028,-0.935716597160083, 0.00253469983049681, 1.64948716505663, -1.69298830792997
4.10000000000002,-0.95537745078974,-0.240797501207761,-0.941805592622452, 0.00190408328080323, 1.46759857600081, -1.44103361711306
4.00000000000002,-0.95539941098733,-0.24177564499508,-0.934565719665591, 0.00261773850314986, 1.67117257141607, -1.80106995316312
3.90000000000002,-0.955421121141365,-0.242761632290385,-0.954020590836291, -0.00140145083719229, 0.41835167388807, -0.817707388672225
3.80000000000002,-0.955442556562735,-0.243774670099838,-0.935647655528852, 0.00252537078805278, 1.64987593331124, -1.8372630427285
3.70000000000002,-0.955463750329747,-0.244787124126246,-0.943628267439107, 0.00166490644554788, 1.38396875854692, -1.41821260749384
3.60000000000002,-0.955484661711395,-0.245827804751242,-0.943189052839682, 0.00172678731054466, 1.40544754015699, -1.47466458806983
3.50000000000002,-0.955505311668422,-0.246879161792273,-0.934885856194809, 0.0025494354428654, 1.66384625508499, -2.0153776874029
3.40000000000002,-0.955525698345487,-0.247940732354866,-0.954700725922971, -0.00265994585419002, 0.30857168255176, -0.827992162348551
3.30000000000002,-0.955545785622361,-0.249031283200902,-0.94349534536084, 0.00168149776700639, 1.39018465954719, -1.5409588465884
3.20000000000002,-0.955565612400504,-0.250123784919795,-0.954716251865169, -0.00239349373577761, 0.306387061909571, -0.831518189215631
3.10000000000002,-0.955585144093126,-0.251233143278639,-0.938220973334325, 0.00222599502668607, 1.58726248068453, -2.0659453510955
3.00000000000002,-0.955604400398814,-0.252341568102903,-0.950889242447358, 0.000486421624409134, 0.828135703922403, -0.962577128218997
2.90000000000002,-0.955623336986777,-0.253459437408184,-0.9352205539453, 0.0023612097851261, 1.65563448849194, -2.46964811305499
2.80000000000002,-0.955641977324668,-0.254550509708962,-0.885960734462261, 0.00298288108124346, 1.78786452458403, -3.54657493506777
2.70000000000002,-0.955660931708117,-0.255584278475912,-0.932668592088145, 0.0023241843958893, 1.6964013532717, -2.96705370473668
2.60000000000002,-0.932668522175175,-0.920134345629421,-0.920134397553777, 0.00177449454585388, 1.77153753769302, -4.70401188657914
2.50000000000002,-0.928266048018848,-0.920134397564276,-0.928266048018848, 0.00172730932886891, 1.73972139614745, -4.40890816312232
2.40000000000002,-0.932975386016638,-0.928266048029346,-0.932975386016638, 0.00163301763888869, 1.68991047575011, -4.16662257635982
2.30000000000002,-0.936231360430893,-0.932975386027135,-0.936231360430893, 0.00152385811013996, 1.63242628739804, -3.94842214777535
2.20000000000002,-0.938706423692953,-0.936231360441388,-0.938706423692953, 0.00140997295986087, 1.57075833619971, -3.74388739294013
2.10000000000002,-0.940698411379805,-0.938706423703447,-0.940698411379805, 0.00129567599475441, 1.50645365855724, -3.5482134128937
2.00000000000002,-0.942363359742562,-0.940698411390297,-0.942363359742562, 0.00118317615870041, 1.44032704207994, -3.35879938609393
1.90000000000002,-0.943792705407196,-0.942363359753052,-0.943792705407196, 0.00107375106208588, 1.37285954829596, -3.17407714518682
1.80000000000002,-0.945044455807874,-0.943792705417684,-0.945044455807874, 0.000968205677065455, 1.30435906951102, -2.99302572357589
1.70000000000002,-0.946157648564022,-0.945044455818361,-0.946157648564022, 0.000867080336913637, 1.23503482414118, -2.81494128186669
1.60000000000002,-0.947159780030295,-0.946157648574507,-0.947159780030295, 0.000770755832715133, 1.16503569266823, -2.63931667653502
1.50000000000002,-0.948070931889386,-0.947159780040779,-0.948070931889386, 0.000679511072409187, 1.09447156948044, -2.46577342243369
1.40000000000002,-0.948906209374436,-0.948070931899868,-0.948906209374436, 0.000593556830779751, 1.02342602059008, -2.29402086269498
1.30000000000002,-0.949677255702105,-0.948906209384916,-0.949677255702105, 0.00051305656543514, 0.951964175681937, -2.12383043659622
1.20000000000002,-0.950393232360891,-0.949677255712584,-0.950393232360891, 0.000438139821581249, 0.880137858200018, -1.95501879242446
1.10000000000002,-0.95106147604693,-0.950393232371368,-0.95106147604693, 0.000368911182282779, 0.807989038673823, -1.7874363208952
1.00000000000002,-0.951687952112524,-0.951061476057406,-0.951687952112524, 0.000305456431705719, 0.73555222981569, -1.62095914007383
0.900000000000015,-0.951687952112524,-0.951061476057406,-0.951687952112524, 0.000305456431705719, 0.73555222981569, -1.62095914007383
1,-0.951687356354167,-0.942363039027441,-0.951687356354167, 0.000305162044353089, 0.735622813600741, -1.62272914203002
0,-0.951687356354167,-0.942363039027441,-0.951687356354167, 0.000305162044353089, 0.735622813600741, -1.62272914203002
